Year_s	Year_i	Month_s	Month_i	MonthName_s	DateTime_dt	Anomoly_Celcius_f
1880	1880	1	1	Jan	1880-01-01	-.18
1880	1880	2	2	Feb	1880-02-01	-.24
1880	1880	3	3	Mar	1880-03-01	-.09
1880	1880	4	4	Apr	1880-04-01	-.16
1880	1880	5	5	May	1880-05-01	-.10
1880	1880	6	6	Jun	1880-06-01	-.21
1880	1880	7	7	Jul	1880-07-01	-.18
1880	1880	8	8	Aug	1880-08-01	-.10
1880	1880	9	9	Sep	1880-09-01	-.14
1880	1880	10	10	Oct	1880-10-01	-.23
1880	1880	11	11	Nov	1880-11-01	-.22
1880	1880	12	12	Dec	1880-12-01	-.17
1881	1881	1	1	Jan	1881-01-01	-.20
1881	1881	2	2	Feb	1881-02-01	-.14
1881	1881	3	3	Mar	1881-03-01	.03
1881	1881	4	4	Apr	1881-04-01	.05
1881	1881	5	5	May	1881-05-01	.06
1881	1881	6	6	Jun	1881-06-01	-.19
1881	1881	7	7	Jul	1881-07-01	.00
1881	1881	8	8	Aug	1881-08-01	-.04
1881	1881	9	9	Sep	1881-09-01	-.15
1881	1881	10	10	Oct	1881-10-01	-.22
1881	1881	11	11	Nov	1881-11-01	-.19
1881	1881	12	12	Dec	1881-12-01	-.07
1882	1882	1	1	Jan	1882-01-01	.16
1882	1882	2	2	Feb	1882-02-01	.14
1882	1882	3	3	Mar	1882-03-01	.05
1882	1882	4	4	Apr	1882-04-01	-.17
1882	1882	5	5	May	1882-05-01	-.15
1882	1882	6	6	Jun	1882-06-01	-.24
1882	1882	7	7	Jul	1882-07-01	-.17
1882	1882	8	8	Aug	1882-08-01	-.08
1882	1882	9	9	Sep	1882-09-01	-.14
1882	1882	10	10	Oct	1882-10-01	-.24
1882	1882	11	11	Nov	1882-11-01	-.16
1882	1882	12	12	Dec	1882-12-01	-.36
1883	1883	1	1	Jan	1883-01-01	-.29
1883	1883	2	2	Feb	1883-02-01	-.37
1883	1883	3	3	Mar	1883-03-01	-.12
1883	1883	4	4	Apr	1883-04-01	-.18
1883	1883	5	5	May	1883-05-01	-.18
1883	1883	6	6	Jun	1883-06-01	-.08
1883	1883	7	7	Jul	1883-07-01	-.07
1883	1883	8	8	Aug	1883-08-01	-.14
1883	1883	9	9	Sep	1883-09-01	-.21
1883	1883	10	10	Oct	1883-10-01	-.11
1883	1883	11	11	Nov	1883-11-01	-.23
1883	1883	12	12	Dec	1883-12-01	-.11
1884	1884	1	1	Jan	1884-01-01	-.13
1884	1884	2	2	Feb	1884-02-01	-.07
1884	1884	3	3	Mar	1884-03-01	-.36
1884	1884	4	4	Apr	1884-04-01	-.40
1884	1884	5	5	May	1884-05-01	-.34
1884	1884	6	6	Jun	1884-06-01	-.36
1884	1884	7	7	Jul	1884-07-01	-.30
1884	1884	8	8	Aug	1884-08-01	-.28
1884	1884	9	9	Sep	1884-09-01	-.27
1884	1884	10	10	Oct	1884-10-01	-.25
1884	1884	11	11	Nov	1884-11-01	-.34
1884	1884	12	12	Dec	1884-12-01	-.31
1885	1885	1	1	Jan	1885-01-01	-.59
1885	1885	2	2	Feb	1885-02-01	-.34
1885	1885	3	3	Mar	1885-03-01	-.27
1885	1885	4	4	Apr	1885-04-01	-.42
1885	1885	5	5	May	1885-05-01	-.46
1885	1885	6	6	Jun	1885-06-01	-.44
1885	1885	7	7	Jul	1885-07-01	-.34
1885	1885	8	8	Aug	1885-08-01	-.32
1885	1885	9	9	Sep	1885-09-01	-.28
1885	1885	10	10	Oct	1885-10-01	-.24
1885	1885	11	11	Nov	1885-11-01	-.24
1885	1885	12	12	Dec	1885-12-01	-.10
1886	1886	1	1	Jan	1886-01-01	-.44
1886	1886	2	2	Feb	1886-02-01	-.51
1886	1886	3	3	Mar	1886-03-01	-.43
1886	1886	4	4	Apr	1886-04-01	-.28
1886	1886	5	5	May	1886-05-01	-.24
1886	1886	6	6	Jun	1886-06-01	-.35
1886	1886	7	7	Jul	1886-07-01	-.18
1886	1886	8	8	Aug	1886-08-01	-.31
1886	1886	9	9	Sep	1886-09-01	-.24
1886	1886	10	10	Oct	1886-10-01	-.28
1886	1886	11	11	Nov	1886-11-01	-.28
1886	1886	12	12	Dec	1886-12-01	-.25
1887	1887	1	1	Jan	1887-01-01	-.72
1887	1887	2	2	Feb	1887-02-01	-.57
1887	1887	3	3	Mar	1887-03-01	-.36
1887	1887	4	4	Apr	1887-04-01	-.35
1887	1887	5	5	May	1887-05-01	-.31
1887	1887	6	6	Jun	1887-06-01	-.25
1887	1887	7	7	Jul	1887-07-01	-.26
1887	1887	8	8	Aug	1887-08-01	-.36
1887	1887	9	9	Sep	1887-09-01	-.26
1887	1887	10	10	Oct	1887-10-01	-.36
1887	1887	11	11	Nov	1887-11-01	-.26
1887	1887	12	12	Dec	1887-12-01	-.33
1888	1888	1	1	Jan	1888-01-01	-.34
1888	1888	2	2	Feb	1888-02-01	-.36
1888	1888	3	3	Mar	1888-03-01	-.41
1888	1888	4	4	Apr	1888-04-01	-.20
1888	1888	5	5	May	1888-05-01	-.22
1888	1888	6	6	Jun	1888-06-01	-.17
1888	1888	7	7	Jul	1888-07-01	-.10
1888	1888	8	8	Aug	1888-08-01	-.16
1888	1888	9	9	Sep	1888-09-01	-.12
1888	1888	10	10	Oct	1888-10-01	.02
1888	1888	11	11	Nov	1888-11-01	.03
1888	1888	12	12	Dec	1888-12-01	-.04
1889	1889	1	1	Jan	1889-01-01	-.09
1889	1889	2	2	Feb	1889-02-01	.16
1889	1889	3	3	Mar	1889-03-01	.06
1889	1889	4	4	Apr	1889-04-01	.09
1889	1889	5	5	May	1889-05-01	-.01
1889	1889	6	6	Jun	1889-06-01	-.10
1889	1889	7	7	Jul	1889-07-01	-.08
1889	1889	8	8	Aug	1889-08-01	-.20
1889	1889	9	9	Sep	1889-09-01	-.24
1889	1889	10	10	Oct	1889-10-01	-.25
1889	1889	11	11	Nov	1889-11-01	-.34
1889	1889	12	12	Dec	1889-12-01	-.29
1890	1890	1	1	Jan	1890-01-01	-.42
1890	1890	2	2	Feb	1890-02-01	-.45
1890	1890	3	3	Mar	1890-03-01	-.40
1890	1890	4	4	Apr	1890-04-01	-.30
1890	1890	5	5	May	1890-05-01	-.39
1890	1890	6	6	Jun	1890-06-01	-.25
1890	1890	7	7	Jul	1890-07-01	-.28
1890	1890	8	8	Aug	1890-08-01	-.39
1890	1890	9	9	Sep	1890-09-01	-.36
1890	1890	10	10	Oct	1890-10-01	-.25
1890	1890	11	11	Nov	1890-11-01	-.43
1890	1890	12	12	Dec	1890-12-01	-.32
1891	1891	1	1	Jan	1891-01-01	-.33
1891	1891	2	2	Feb	1891-02-01	-.46
1891	1891	3	3	Mar	1891-03-01	-.18
1891	1891	4	4	Apr	1891-04-01	-.27
1891	1891	5	5	May	1891-05-01	-.17
1891	1891	6	6	Jun	1891-06-01	-.21
1891	1891	7	7	Jul	1891-07-01	-.18
1891	1891	8	8	Aug	1891-08-01	-.17
1891	1891	9	9	Sep	1891-09-01	-.15
1891	1891	10	10	Oct	1891-10-01	-.22
1891	1891	11	11	Nov	1891-11-01	-.31
1891	1891	12	12	Dec	1891-12-01	-.04
1892	1892	1	1	Jan	1892-01-01	-.29
1892	1892	2	2	Feb	1892-02-01	-.11
1892	1892	3	3	Mar	1892-03-01	-.40
1892	1892	4	4	Apr	1892-04-01	-.34
1892	1892	5	5	May	1892-05-01	-.24
1892	1892	6	6	Jun	1892-06-01	-.22
1892	1892	7	7	Jul	1892-07-01	-.32
1892	1892	8	8	Aug	1892-08-01	-.28
1892	1892	9	9	Sep	1892-09-01	-.17
1892	1892	10	10	Oct	1892-10-01	-.14
1892	1892	11	11	Nov	1892-11-01	-.42
1892	1892	12	12	Dec	1892-12-01	-.38
1893	1893	1	1	Jan	1893-01-01	-.80
1893	1893	2	2	Feb	1893-02-01	-.56
1893	1893	3	3	Mar	1893-03-01	-.22
1893	1893	4	4	Apr	1893-04-01	-.27
1893	1893	5	5	May	1893-05-01	-.34
1893	1893	6	6	Jun	1893-06-01	-.25
1893	1893	7	7	Jul	1893-07-01	-.14
1893	1893	8	8	Aug	1893-08-01	-.26
1893	1893	9	9	Sep	1893-09-01	-.22
1893	1893	10	10	Oct	1893-10-01	-.18
1893	1893	11	11	Nov	1893-11-01	-.19
1893	1893	12	12	Dec	1893-12-01	-.32
1894	1894	1	1	Jan	1894-01-01	-.52
1894	1894	2	2	Feb	1894-02-01	-.29
1894	1894	3	3	Mar	1894-03-01	-.23
1894	1894	4	4	Apr	1894-04-01	-.45
1894	1894	5	5	May	1894-05-01	-.31
1894	1894	6	6	Jun	1894-06-01	-.41
1894	1894	7	7	Jul	1894-07-01	-.24
1894	1894	8	8	Aug	1894-08-01	-.24
1894	1894	9	9	Sep	1894-09-01	-.28
1894	1894	10	10	Oct	1894-10-01	-.23
1894	1894	11	11	Nov	1894-11-01	-.26
1894	1894	12	12	Dec	1894-12-01	-.21
1895	1895	1	1	Jan	1895-01-01	-.41
1895	1895	2	2	Feb	1895-02-01	-.43
1895	1895	3	3	Mar	1895-03-01	-.32
1895	1895	4	4	Apr	1895-04-01	-.22
1895	1895	5	5	May	1895-05-01	-.28
1895	1895	6	6	Jun	1895-06-01	-.21
1895	1895	7	7	Jul	1895-07-01	-.17
1895	1895	8	8	Aug	1895-08-01	-.17
1895	1895	9	9	Sep	1895-09-01	-.12
1895	1895	10	10	Oct	1895-10-01	-.11
1895	1895	11	11	Nov	1895-11-01	-.17
1895	1895	12	12	Dec	1895-12-01	-.14
1896	1896	1	1	Jan	1896-01-01	-.22
1896	1896	2	2	Feb	1896-02-01	-.12
1896	1896	3	3	Mar	1896-03-01	-.26
1896	1896	4	4	Apr	1896-04-01	-.30
1896	1896	5	5	May	1896-05-01	-.15
1896	1896	6	6	Jun	1896-06-01	-.11
1896	1896	7	7	Jul	1896-07-01	-.02
1896	1896	8	8	Aug	1896-08-01	-.05
1896	1896	9	9	Sep	1896-09-01	-.07
1896	1896	10	10	Oct	1896-10-01	.06
1896	1896	11	11	Nov	1896-11-01	-.04
1896	1896	12	12	Dec	1896-12-01	-.04
1897	1897	1	1	Jan	1897-01-01	-.15
1897	1897	2	2	Feb	1897-02-01	-.16
1897	1897	3	3	Mar	1897-03-01	-.13
1897	1897	4	4	Apr	1897-04-01	-.02
1897	1897	5	5	May	1897-05-01	-.01
1897	1897	6	6	Jun	1897-06-01	-.11
1897	1897	7	7	Jul	1897-07-01	-.02
1897	1897	8	8	Aug	1897-08-01	-.09
1897	1897	9	9	Sep	1897-09-01	-.08
1897	1897	10	10	Oct	1897-10-01	-.13
1897	1897	11	11	Nov	1897-11-01	-.18
1897	1897	12	12	Dec	1897-12-01	-.21
1898	1898	1	1	Jan	1898-01-01	-.02
1898	1898	2	2	Feb	1898-02-01	-.30
1898	1898	3	3	Mar	1898-03-01	-.51
1898	1898	4	4	Apr	1898-04-01	-.31
1898	1898	5	5	May	1898-05-01	-.31
1898	1898	6	6	Jun	1898-06-01	-.19
1898	1898	7	7	Jul	1898-07-01	-.23
1898	1898	8	8	Aug	1898-08-01	-.27
1898	1898	9	9	Sep	1898-09-01	-.21
1898	1898	10	10	Oct	1898-10-01	-.34
1898	1898	11	11	Nov	1898-11-01	-.38
1898	1898	12	12	Dec	1898-12-01	-.23
1899	1899	1	1	Jan	1899-01-01	-.16
1899	1899	2	2	Feb	1899-02-01	-.38
1899	1899	3	3	Mar	1899-03-01	-.36
1899	1899	4	4	Apr	1899-04-01	-.20
1899	1899	5	5	May	1899-05-01	-.23
1899	1899	6	6	Jun	1899-06-01	-.31
1899	1899	7	7	Jul	1899-07-01	-.16
1899	1899	8	8	Aug	1899-08-01	-.09
1899	1899	9	9	Sep	1899-09-01	-.05
1899	1899	10	10	Oct	1899-10-01	-.04
1899	1899	11	11	Nov	1899-11-01	.12
1899	1899	12	12	Dec	1899-12-01	-.26
1900	1900	1	1	Jan	1900-01-01	-.36
1900	1900	2	2	Feb	1900-02-01	-.06
1900	1900	3	3	Mar	1900-03-01	.00
1900	1900	4	4	Apr	1900-04-01	-.09
1900	1900	5	5	May	1900-05-01	-.09
1900	1900	6	6	Jun	1900-06-01	-.10
1900	1900	7	7	Jul	1900-07-01	-.13
1900	1900	8	8	Aug	1900-08-01	-.09
1900	1900	9	9	Sep	1900-09-01	-.05
1900	1900	10	10	Oct	1900-10-01	.09
1900	1900	11	11	Nov	1900-11-01	-.07
1900	1900	12	12	Dec	1900-12-01	-.07
1901	1901	1	1	Jan	1901-01-01	-.22
1901	1901	2	2	Feb	1901-02-01	-.11
1901	1901	3	3	Mar	1901-03-01	.06
1901	1901	4	4	Apr	1901-04-01	-.03
1901	1901	5	5	May	1901-05-01	-.15
1901	1901	6	6	Jun	1901-06-01	-.12
1901	1901	7	7	Jul	1901-07-01	-.15
1901	1901	8	8	Aug	1901-08-01	-.21
1901	1901	9	9	Sep	1901-09-01	-.22
1901	1901	10	10	Oct	1901-10-01	-.29
1901	1901	11	11	Nov	1901-11-01	-.16
1901	1901	12	12	Dec	1901-12-01	-.27
1902	1902	1	1	Jan	1902-01-01	-.16
1902	1902	2	2	Feb	1902-02-01	-.09
1902	1902	3	3	Mar	1902-03-01	-.27
1902	1902	4	4	Apr	1902-04-01	-.28
1902	1902	5	5	May	1902-05-01	-.33
1902	1902	6	6	Jun	1902-06-01	-.32
1902	1902	7	7	Jul	1902-07-01	-.28
1902	1902	8	8	Aug	1902-08-01	-.30
1902	1902	9	9	Sep	1902-09-01	-.29
1902	1902	10	10	Oct	1902-10-01	-.30
1902	1902	11	11	Nov	1902-11-01	-.36
1902	1902	12	12	Dec	1902-12-01	-.42
1903	1903	1	1	Jan	1903-01-01	-.24
1903	1903	2	2	Feb	1903-02-01	-.06
1903	1903	3	3	Mar	1903-03-01	-.23
1903	1903	4	4	Apr	1903-04-01	-.41
1903	1903	5	5	May	1903-05-01	-.40
1903	1903	6	6	Jun	1903-06-01	-.43
1903	1903	7	7	Jul	1903-07-01	-.35
1903	1903	8	8	Aug	1903-08-01	-.45
1903	1903	9	9	Sep	1903-09-01	-.49
1903	1903	10	10	Oct	1903-10-01	-.46
1903	1903	11	11	Nov	1903-11-01	-.41
1903	1903	12	12	Dec	1903-12-01	-.50
1904	1904	1	1	Jan	1904-01-01	-.62
1904	1904	2	2	Feb	1904-02-01	-.58
1904	1904	3	3	Mar	1904-03-01	-.51
1904	1904	4	4	Apr	1904-04-01	-.50
1904	1904	5	5	May	1904-05-01	-.52
1904	1904	6	6	Jun	1904-06-01	-.48
1904	1904	7	7	Jul	1904-07-01	-.51
1904	1904	8	8	Aug	1904-08-01	-.49
1904	1904	9	9	Sep	1904-09-01	-.55
1904	1904	10	10	Oct	1904-10-01	-.39
1904	1904	11	11	Nov	1904-11-01	-.17
1904	1904	12	12	Dec	1904-12-01	-.33
1905	1905	1	1	Jan	1905-01-01	-.35
1905	1905	2	2	Feb	1905-02-01	-.59
1905	1905	3	3	Mar	1905-03-01	-.21
1905	1905	4	4	Apr	1905-04-01	-.34
1905	1905	5	5	May	1905-05-01	-.29
1905	1905	6	6	Jun	1905-06-01	-.28
1905	1905	7	7	Jul	1905-07-01	-.27
1905	1905	8	8	Aug	1905-08-01	-.21
1905	1905	9	9	Sep	1905-09-01	-.19
1905	1905	10	10	Oct	1905-10-01	-.25
1905	1905	11	11	Nov	1905-11-01	-.07
1905	1905	12	12	Dec	1905-12-01	-.13
1906	1906	1	1	Jan	1906-01-01	-.28
1906	1906	2	2	Feb	1906-02-01	-.29
1906	1906	3	3	Mar	1906-03-01	-.18
1906	1906	4	4	Apr	1906-04-01	-.04
1906	1906	5	5	May	1906-05-01	-.26
1906	1906	6	6	Jun	1906-06-01	-.20
1906	1906	7	7	Jul	1906-07-01	-.23
1906	1906	8	8	Aug	1906-08-01	-.20
1906	1906	9	9	Sep	1906-09-01	-.28
1906	1906	10	10	Oct	1906-10-01	-.20
1906	1906	11	11	Nov	1906-11-01	-.38
1906	1906	12	12	Dec	1906-12-01	-.14
1907	1907	1	1	Jan	1907-01-01	-.42
1907	1907	2	2	Feb	1907-02-01	-.51
1907	1907	3	3	Mar	1907-03-01	-.27
1907	1907	4	4	Apr	1907-04-01	-.37
1907	1907	5	5	May	1907-05-01	-.47
1907	1907	6	6	Jun	1907-06-01	-.42
1907	1907	7	7	Jul	1907-07-01	-.35
1907	1907	8	8	Aug	1907-08-01	-.34
1907	1907	9	9	Sep	1907-09-01	-.34
1907	1907	10	10	Oct	1907-10-01	-.22
1907	1907	11	11	Nov	1907-11-01	-.47
1907	1907	12	12	Dec	1907-12-01	-.47
1908	1908	1	1	Jan	1908-01-01	-.44
1908	1908	2	2	Feb	1908-02-01	-.32
1908	1908	3	3	Mar	1908-03-01	-.55
1908	1908	4	4	Apr	1908-04-01	-.44
1908	1908	5	5	May	1908-05-01	-.37
1908	1908	6	6	Jun	1908-06-01	-.38
1908	1908	7	7	Jul	1908-07-01	-.35
1908	1908	8	8	Aug	1908-08-01	-.46
1908	1908	9	9	Sep	1908-09-01	-.35
1908	1908	10	10	Oct	1908-10-01	-.44
1908	1908	11	11	Nov	1908-11-01	-.52
1908	1908	12	12	Dec	1908-12-01	-.49
1909	1909	1	1	Jan	1909-01-01	-.72
1909	1909	2	2	Feb	1909-02-01	-.45
1909	1909	3	3	Mar	1909-03-01	-.54
1909	1909	4	4	Apr	1909-04-01	-.59
1909	1909	5	5	May	1909-05-01	-.54
1909	1909	6	6	Jun	1909-06-01	-.52
1909	1909	7	7	Jul	1909-07-01	-.45
1909	1909	8	8	Aug	1909-08-01	-.34
1909	1909	9	9	Sep	1909-09-01	-.38
1909	1909	10	10	Oct	1909-10-01	-.40
1909	1909	11	11	Nov	1909-11-01	-.32
1909	1909	12	12	Dec	1909-12-01	-.56
1910	1910	1	1	Jan	1910-01-01	-.42
1910	1910	2	2	Feb	1910-02-01	-.40
1910	1910	3	3	Mar	1910-03-01	-.50
1910	1910	4	4	Apr	1910-04-01	-.43
1910	1910	5	5	May	1910-05-01	-.34
1910	1910	6	6	Jun	1910-06-01	-.39
1910	1910	7	7	Jul	1910-07-01	-.34
1910	1910	8	8	Aug	1910-08-01	-.37
1910	1910	9	9	Sep	1910-09-01	-.39
1910	1910	10	10	Oct	1910-10-01	-.41
1910	1910	11	11	Nov	1910-11-01	-.57
1910	1910	12	12	Dec	1910-12-01	-.67
1911	1911	1	1	Jan	1911-01-01	-.62
1911	1911	2	2	Feb	1911-02-01	-.58
1911	1911	3	3	Mar	1911-03-01	-.61
1911	1911	4	4	Apr	1911-04-01	-.54
1911	1911	5	5	May	1911-05-01	-.52
1911	1911	6	6	Jun	1911-06-01	-.51
1911	1911	7	7	Jul	1911-07-01	-.42
1911	1911	8	8	Aug	1911-08-01	-.44
1911	1911	9	9	Sep	1911-09-01	-.41
1911	1911	10	10	Oct	1911-10-01	-.27
1911	1911	11	11	Nov	1911-11-01	-.22
1911	1911	12	12	Dec	1911-12-01	-.22
1912	1912	1	1	Jan	1912-01-01	-.27
1912	1912	2	2	Feb	1912-02-01	-.16
1912	1912	3	3	Mar	1912-03-01	-.39
1912	1912	4	4	Apr	1912-04-01	-.18
1912	1912	5	5	May	1912-05-01	-.22
1912	1912	6	6	Jun	1912-06-01	-.24
1912	1912	7	7	Jul	1912-07-01	-.43
1912	1912	8	8	Aug	1912-08-01	-.55
1912	1912	9	9	Sep	1912-09-01	-.57
1912	1912	10	10	Oct	1912-10-01	-.58
1912	1912	11	11	Nov	1912-11-01	-.40
1912	1912	12	12	Dec	1912-12-01	-.43
1913	1913	1	1	Jan	1913-01-01	-.41
1913	1913	2	2	Feb	1913-02-01	-.45
1913	1913	3	3	Mar	1913-03-01	-.43
1913	1913	4	4	Apr	1913-04-01	-.40
1913	1913	5	5	May	1913-05-01	-.44
1913	1913	6	6	Jun	1913-06-01	-.46
1913	1913	7	7	Jul	1913-07-01	-.37
1913	1913	8	8	Aug	1913-08-01	-.33
1913	1913	9	9	Sep	1913-09-01	-.35
1913	1913	10	10	Oct	1913-10-01	-.32
1913	1913	11	11	Nov	1913-11-01	-.20
1913	1913	12	12	Dec	1913-12-01	-.02
1914	1914	1	1	Jan	1914-01-01	.04
1914	1914	2	2	Feb	1914-02-01	-.09
1914	1914	3	3	Mar	1914-03-01	-.24
1914	1914	4	4	Apr	1914-04-01	-.29
1914	1914	5	5	May	1914-05-01	-.21
1914	1914	6	6	Jun	1914-06-01	-.25
1914	1914	7	7	Jul	1914-07-01	-.23
1914	1914	8	8	Aug	1914-08-01	-.16
1914	1914	9	9	Sep	1914-09-01	-.16
1914	1914	10	10	Oct	1914-10-01	-.03
1914	1914	11	11	Nov	1914-11-01	-.14
1914	1914	12	12	Dec	1914-12-01	-.03
1915	1915	1	1	Jan	1915-01-01	-.20
1915	1915	2	2	Feb	1915-02-01	-.03
1915	1915	3	3	Mar	1915-03-01	-.09
1915	1915	4	4	Apr	1915-04-01	.07
1915	1915	5	5	May	1915-05-01	-.06
1915	1915	6	6	Jun	1915-06-01	-.22
1915	1915	7	7	Jul	1915-07-01	-.13
1915	1915	8	8	Aug	1915-08-01	-.22
1915	1915	9	9	Sep	1915-09-01	-.20
1915	1915	10	10	Oct	1915-10-01	-.24
1915	1915	11	11	Nov	1915-11-01	-.13
1915	1915	12	12	Dec	1915-12-01	-.21
1916	1916	1	1	Jan	1916-01-01	-.12
1916	1916	2	2	Feb	1916-02-01	-.14
1916	1916	3	3	Mar	1916-03-01	-.28
1916	1916	4	4	Apr	1916-04-01	-.30
1916	1916	5	5	May	1916-05-01	-.35
1916	1916	6	6	Jun	1916-06-01	-.49
1916	1916	7	7	Jul	1916-07-01	-.37
1916	1916	8	8	Aug	1916-08-01	-.28
1916	1916	9	9	Sep	1916-09-01	-.36
1916	1916	10	10	Oct	1916-10-01	-.33
1916	1916	11	11	Nov	1916-11-01	-.46
1916	1916	12	12	Dec	1916-12-01	-.81
1917	1917	1	1	Jan	1917-01-01	-.56
1917	1917	2	2	Feb	1917-02-01	-.62
1917	1917	3	3	Mar	1917-03-01	-.63
1917	1917	4	4	Apr	1917-04-01	-.54
1917	1917	5	5	May	1917-05-01	-.55
1917	1917	6	6	Jun	1917-06-01	-.43
1917	1917	7	7	Jul	1917-07-01	-.25
1917	1917	8	8	Aug	1917-08-01	-.23
1917	1917	9	9	Sep	1917-09-01	-.22
1917	1917	10	10	Oct	1917-10-01	-.44
1917	1917	11	11	Nov	1917-11-01	-.33
1917	1917	12	12	Dec	1917-12-01	-.68
1918	1918	1	1	Jan	1918-01-01	-.48
1918	1918	2	2	Feb	1918-02-01	-.34
1918	1918	3	3	Mar	1918-03-01	-.25
1918	1918	4	4	Apr	1918-04-01	-.43
1918	1918	5	5	May	1918-05-01	-.43
1918	1918	6	6	Jun	1918-06-01	-.36
1918	1918	7	7	Jul	1918-07-01	-.31
1918	1918	8	8	Aug	1918-08-01	-.31
1918	1918	9	9	Sep	1918-09-01	-.17
1918	1918	10	10	Oct	1918-10-01	-.06
1918	1918	11	11	Nov	1918-11-01	-.11
1918	1918	12	12	Dec	1918-12-01	-.29
1919	1919	1	1	Jan	1919-01-01	-.20
1919	1919	2	2	Feb	1919-02-01	-.23
1919	1919	3	3	Mar	1919-03-01	-.21
1919	1919	4	4	Apr	1919-04-01	-.12
1919	1919	5	5	May	1919-05-01	-.28
1919	1919	6	6	Jun	1919-06-01	-.36
1919	1919	7	7	Jul	1919-07-01	-.29
1919	1919	8	8	Aug	1919-08-01	-.33
1919	1919	9	9	Sep	1919-09-01	-.25
1919	1919	10	10	Oct	1919-10-01	-.20
1919	1919	11	11	Nov	1919-11-01	-.42
1919	1919	12	12	Dec	1919-12-01	-.42
1920	1920	1	1	Jan	1920-01-01	-.24
1920	1920	2	2	Feb	1920-02-01	-.27
1920	1920	3	3	Mar	1920-03-01	-.12
1920	1920	4	4	Apr	1920-04-01	-.24
1920	1920	5	5	May	1920-05-01	-.27
1920	1920	6	6	Jun	1920-06-01	-.36
1920	1920	7	7	Jul	1920-07-01	-.30
1920	1920	8	8	Aug	1920-08-01	-.26
1920	1920	9	9	Sep	1920-09-01	-.21
1920	1920	10	10	Oct	1920-10-01	-.26
1920	1920	11	11	Nov	1920-11-01	-.27
1920	1920	12	12	Dec	1920-12-01	-.46
1921	1921	1	1	Jan	1921-01-01	-.05
1921	1921	2	2	Feb	1921-02-01	-.17
1921	1921	3	3	Mar	1921-03-01	-.22
1921	1921	4	4	Apr	1921-04-01	-.30
1921	1921	5	5	May	1921-05-01	-.30
1921	1921	6	6	Jun	1921-06-01	-.27
1921	1921	7	7	Jul	1921-07-01	-.15
1921	1921	8	8	Aug	1921-08-01	-.26
1921	1921	9	9	Sep	1921-09-01	-.19
1921	1921	10	10	Oct	1921-10-01	-.03
1921	1921	11	11	Nov	1921-11-01	-.14
1921	1921	12	12	Dec	1921-12-01	-.17
1922	1922	1	1	Jan	1922-01-01	-.33
1922	1922	2	2	Feb	1922-02-01	-.44
1922	1922	3	3	Mar	1922-03-01	-.14
1922	1922	4	4	Apr	1922-04-01	-.23
1922	1922	5	5	May	1922-05-01	-.33
1922	1922	6	6	Jun	1922-06-01	-.30
1922	1922	7	7	Jul	1922-07-01	-.27
1922	1922	8	8	Aug	1922-08-01	-.33
1922	1922	9	9	Sep	1922-09-01	-.35
1922	1922	10	10	Oct	1922-10-01	-.32
1922	1922	11	11	Nov	1922-11-01	-.14
1922	1922	12	12	Dec	1922-12-01	-.19
1923	1923	1	1	Jan	1923-01-01	-.27
1923	1923	2	2	Feb	1923-02-01	-.39
1923	1923	3	3	Mar	1923-03-01	-.34
1923	1923	4	4	Apr	1923-04-01	-.40
1923	1923	5	5	May	1923-05-01	-.33
1923	1923	6	6	Jun	1923-06-01	-.29
1923	1923	7	7	Jul	1923-07-01	-.31
1923	1923	8	8	Aug	1923-08-01	-.34
1923	1923	9	9	Sep	1923-09-01	-.31
1923	1923	10	10	Oct	1923-10-01	-.13
1923	1923	11	11	Nov	1923-11-01	-.02
1923	1923	12	12	Dec	1923-12-01	-.03
1924	1924	1	1	Jan	1924-01-01	-.22
1924	1924	2	2	Feb	1924-02-01	-.23
1924	1924	3	3	Mar	1924-03-01	-.08
1924	1924	4	4	Apr	1924-04-01	-.30
1924	1924	5	5	May	1924-05-01	-.18
1924	1924	6	6	Jun	1924-06-01	-.26
1924	1924	7	7	Jul	1924-07-01	-.29
1924	1924	8	8	Aug	1924-08-01	-.36
1924	1924	9	9	Sep	1924-09-01	-.32
1924	1924	10	10	Oct	1924-10-01	-.35
1924	1924	11	11	Nov	1924-11-01	-.20
1924	1924	12	12	Dec	1924-12-01	-.43
1925	1925	1	1	Jan	1925-01-01	-.37
1925	1925	2	2	Feb	1925-02-01	-.39
1925	1925	3	3	Mar	1925-03-01	-.27
1925	1925	4	4	Apr	1925-04-01	-.26
1925	1925	5	5	May	1925-05-01	-.29
1925	1925	6	6	Jun	1925-06-01	-.33
1925	1925	7	7	Jul	1925-07-01	-.27
1925	1925	8	8	Aug	1925-08-01	-.21
1925	1925	9	9	Sep	1925-09-01	-.20
1925	1925	10	10	Oct	1925-10-01	-.17
1925	1925	11	11	Nov	1925-11-01	.06
1925	1925	12	12	Dec	1925-12-01	.06
1926	1926	1	1	Jan	1926-01-01	.21
1926	1926	2	2	Feb	1926-02-01	.03
1926	1926	3	3	Mar	1926-03-01	.12
1926	1926	4	4	Apr	1926-04-01	-.13
1926	1926	5	5	May	1926-05-01	-.23
1926	1926	6	6	Jun	1926-06-01	-.26
1926	1926	7	7	Jul	1926-07-01	-.27
1926	1926	8	8	Aug	1926-08-01	-.13
1926	1926	9	9	Sep	1926-09-01	-.14
1926	1926	10	10	Oct	1926-10-01	-.11
1926	1926	11	11	Nov	1926-11-01	-.06
1926	1926	12	12	Dec	1926-12-01	-.29
1927	1927	1	1	Jan	1927-01-01	-.27
1927	1927	2	2	Feb	1927-02-01	-.17
1927	1927	3	3	Mar	1927-03-01	-.39
1927	1927	4	4	Apr	1927-04-01	-.30
1927	1927	5	5	May	1927-05-01	-.26
1927	1927	6	6	Jun	1927-06-01	-.28
1927	1927	7	7	Jul	1927-07-01	-.19
1927	1927	8	8	Aug	1927-08-01	-.24
1927	1927	9	9	Sep	1927-09-01	-.12
1927	1927	10	10	Oct	1927-10-01	-.01
1927	1927	11	11	Nov	1927-11-01	-.06
1927	1927	12	12	Dec	1927-12-01	-.33
1928	1928	1	1	Jan	1928-01-01	-.02
1928	1928	2	2	Feb	1928-02-01	-.09
1928	1928	3	3	Mar	1928-03-01	-.25
1928	1928	4	4	Apr	1928-04-01	-.28
1928	1928	5	5	May	1928-05-01	-.30
1928	1928	6	6	Jun	1928-06-01	-.39
1928	1928	7	7	Jul	1928-07-01	-.20
1928	1928	8	8	Aug	1928-08-01	-.23
1928	1928	9	9	Sep	1928-09-01	-.21
1928	1928	10	10	Oct	1928-10-01	-.19
1928	1928	11	11	Nov	1928-11-01	-.09
1928	1928	12	12	Dec	1928-12-01	-.16
1929	1929	1	1	Jan	1929-01-01	-.45
1929	1929	2	2	Feb	1929-02-01	-.58
1929	1929	3	3	Mar	1929-03-01	-.32
1929	1929	4	4	Apr	1929-04-01	-.41
1929	1929	5	5	May	1929-05-01	-.38
1929	1929	6	6	Jun	1929-06-01	-.43
1929	1929	7	7	Jul	1929-07-01	-.37
1929	1929	8	8	Aug	1929-08-01	-.33
1929	1929	9	9	Sep	1929-09-01	-.25
1929	1929	10	10	Oct	1929-10-01	-.15
1929	1929	11	11	Nov	1929-11-01	-.12
1929	1929	12	12	Dec	1929-12-01	-.54
1930	1930	1	1	Jan	1930-01-01	-.30
1930	1930	2	2	Feb	1930-02-01	-.26
1930	1930	3	3	Mar	1930-03-01	-.10
1930	1930	4	4	Apr	1930-04-01	-.25
1930	1930	5	5	May	1930-05-01	-.24
1930	1930	6	6	Jun	1930-06-01	-.22
1930	1930	7	7	Jul	1930-07-01	-.21
1930	1930	8	8	Aug	1930-08-01	-.15
1930	1930	9	9	Sep	1930-09-01	-.16
1930	1930	10	10	Oct	1930-10-01	-.12
1930	1930	11	11	Nov	1930-11-01	.17
1930	1930	12	12	Dec	1930-12-01	-.05
1931	1931	1	1	Jan	1931-01-01	-.10
1931	1931	2	2	Feb	1931-02-01	-.20
1931	1931	3	3	Mar	1931-03-01	-.10
1931	1931	4	4	Apr	1931-04-01	-.23
1931	1931	5	5	May	1931-05-01	-.19
1931	1931	6	6	Jun	1931-06-01	-.08
1931	1931	7	7	Jul	1931-07-01	-.03
1931	1931	8	8	Aug	1931-08-01	-.04
1931	1931	9	9	Sep	1931-09-01	-.06
1931	1931	10	10	Oct	1931-10-01	.06
1931	1931	11	11	Nov	1931-11-01	-.06
1931	1931	12	12	Dec	1931-12-01	-.05
1932	1932	1	1	Jan	1932-01-01	.15
1932	1932	2	2	Feb	1932-02-01	-.17
1932	1932	3	3	Mar	1932-03-01	-.18
1932	1932	4	4	Apr	1932-04-01	-.06
1932	1932	5	5	May	1932-05-01	-.17
1932	1932	6	6	Jun	1932-06-01	-.29
1932	1932	7	7	Jul	1932-07-01	-.25
1932	1932	8	8	Aug	1932-08-01	-.22
1932	1932	9	9	Sep	1932-09-01	-.10
1932	1932	10	10	Oct	1932-10-01	-.09
1932	1932	11	11	Nov	1932-11-01	-.27
1932	1932	12	12	Dec	1932-12-01	-.26
1933	1933	1	1	Jan	1933-01-01	-.23
1933	1933	2	2	Feb	1933-02-01	-.29
1933	1933	3	3	Mar	1933-03-01	-.29
1933	1933	4	4	Apr	1933-04-01	-.24
1933	1933	5	5	May	1933-05-01	-.29
1933	1933	6	6	Jun	1933-06-01	-.34
1933	1933	7	7	Jul	1933-07-01	-.21
1933	1933	8	8	Aug	1933-08-01	-.24
1933	1933	9	9	Sep	1933-09-01	-.29
1933	1933	10	10	Oct	1933-10-01	-.25
1933	1933	11	11	Nov	1933-11-01	-.30
1933	1933	12	12	Dec	1933-12-01	-.44
1934	1934	1	1	Jan	1934-01-01	-.21
1934	1934	2	2	Feb	1934-02-01	-.02
1934	1934	3	3	Mar	1934-03-01	-.29
1934	1934	4	4	Apr	1934-04-01	-.30
1934	1934	5	5	May	1934-05-01	-.09
1934	1934	6	6	Jun	1934-06-01	-.15
1934	1934	7	7	Jul	1934-07-01	-.10
1934	1934	8	8	Aug	1934-08-01	-.12
1934	1934	9	9	Sep	1934-09-01	-.15
1934	1934	10	10	Oct	1934-10-01	-.06
1934	1934	11	11	Nov	1934-11-01	.04
1934	1934	12	12	Dec	1934-12-01	-.02
1935	1935	1	1	Jan	1935-01-01	-.33
1935	1935	2	2	Feb	1935-02-01	.15
1935	1935	3	3	Mar	1935-03-01	-.14
1935	1935	4	4	Apr	1935-04-01	-.37
1935	1935	5	5	May	1935-05-01	-.29
1935	1935	6	6	Jun	1935-06-01	-.27
1935	1935	7	7	Jul	1935-07-01	-.21
1935	1935	8	8	Aug	1935-08-01	-.22
1935	1935	9	9	Sep	1935-09-01	-.21
1935	1935	10	10	Oct	1935-10-01	-.06
1935	1935	11	11	Nov	1935-11-01	-.26
1935	1935	12	12	Dec	1935-12-01	-.17
1936	1936	1	1	Jan	1936-01-01	-.27
1936	1936	2	2	Feb	1936-02-01	-.37
1936	1936	3	3	Mar	1936-03-01	-.20
1936	1936	4	4	Apr	1936-04-01	-.20
1936	1936	5	5	May	1936-05-01	-.16
1936	1936	6	6	Jun	1936-06-01	-.22
1936	1936	7	7	Jul	1936-07-01	-.09
1936	1936	8	8	Aug	1936-08-01	-.13
1936	1936	9	9	Sep	1936-09-01	-.09
1936	1936	10	10	Oct	1936-10-01	-.02
1936	1936	11	11	Nov	1936-11-01	.02
1936	1936	12	12	Dec	1936-12-01	-.01
1937	1937	1	1	Jan	1937-01-01	-.07
1937	1937	2	2	Feb	1937-02-01	.03
1937	1937	3	3	Mar	1937-03-01	-.20
1937	1937	4	4	Apr	1937-04-01	-.15
1937	1937	5	5	May	1937-05-01	-.05
1937	1937	6	6	Jun	1937-06-01	-.05
1937	1937	7	7	Jul	1937-07-01	-.03
1937	1937	8	8	Aug	1937-08-01	.02
1937	1937	9	9	Sep	1937-09-01	.10
1937	1937	10	10	Oct	1937-10-01	.09
1937	1937	11	11	Nov	1937-11-01	.08
1937	1937	12	12	Dec	1937-12-01	-.07
1938	1938	1	1	Jan	1938-01-01	.09
1938	1938	2	2	Feb	1938-02-01	.04
1938	1938	3	3	Mar	1938-03-01	.10
1938	1938	4	4	Apr	1938-04-01	.07
1938	1938	5	5	May	1938-05-01	-.09
1938	1938	6	6	Jun	1938-06-01	-.17
1938	1938	7	7	Jul	1938-07-01	-.09
1938	1938	8	8	Aug	1938-08-01	-.05
1938	1938	9	9	Sep	1938-09-01	.01
1938	1938	10	10	Oct	1938-10-01	.15
1938	1938	11	11	Nov	1938-11-01	.08
1938	1938	12	12	Dec	1938-12-01	-.12
1939	1939	1	1	Jan	1939-01-01	-.05
1939	1939	2	2	Feb	1939-02-01	-.06
1939	1939	3	3	Mar	1939-03-01	-.17
1939	1939	4	4	Apr	1939-04-01	-.10
1939	1939	5	5	May	1939-05-01	-.04
1939	1939	6	6	Jun	1939-06-01	-.07
1939	1939	7	7	Jul	1939-07-01	-.05
1939	1939	8	8	Aug	1939-08-01	-.06
1939	1939	9	9	Sep	1939-09-01	-.07
1939	1939	10	10	Oct	1939-10-01	-.04
1939	1939	11	11	Nov	1939-11-01	.07
1939	1939	12	12	Dec	1939-12-01	.43
1940	1940	1	1	Jan	1940-01-01	.00
1940	1940	2	2	Feb	1940-02-01	.08
1940	1940	3	3	Mar	1940-03-01	.09
1940	1940	4	4	Apr	1940-04-01	.18
1940	1940	5	5	May	1940-05-01	.11
1940	1940	6	6	Jun	1940-06-01	.12
1940	1940	7	7	Jul	1940-07-01	.13
1940	1940	8	8	Aug	1940-08-01	.07
1940	1940	9	9	Sep	1940-09-01	.15
1940	1940	10	10	Oct	1940-10-01	.11
1940	1940	11	11	Nov	1940-11-01	.16
1940	1940	12	12	Dec	1940-12-01	.31
1941	1941	1	1	Jan	1941-01-01	.18
1941	1941	2	2	Feb	1941-02-01	.31
1941	1941	3	3	Mar	1941-03-01	.10
1941	1941	4	4	Apr	1941-04-01	.16
1941	1941	5	5	May	1941-05-01	.17
1941	1941	6	6	Jun	1941-06-01	.13
1941	1941	7	7	Jul	1941-07-01	.22
1941	1941	8	8	Aug	1941-08-01	.15
1941	1941	9	9	Sep	1941-09-01	.02
1941	1941	10	10	Oct	1941-10-01	.35
1941	1941	11	11	Nov	1941-11-01	.23
1941	1941	12	12	Dec	1941-12-01	.22
1942	1942	1	1	Jan	1942-01-01	.29
1942	1942	2	2	Feb	1942-02-01	.03
1942	1942	3	3	Mar	1942-03-01	.06
1942	1942	4	4	Apr	1942-04-01	.10
1942	1942	5	5	May	1942-05-01	.11
1942	1942	6	6	Jun	1942-06-01	.05
1942	1942	7	7	Jul	1942-07-01	.00
1942	1942	8	8	Aug	1942-08-01	-.04
1942	1942	9	9	Sep	1942-09-01	-.03
1942	1942	10	10	Oct	1942-10-01	.02
1942	1942	11	11	Nov	1942-11-01	.10
1942	1942	12	12	Dec	1942-12-01	.12
1943	1943	1	1	Jan	1943-01-01	-.01
1943	1943	2	2	Feb	1943-02-01	.18
1943	1943	3	3	Mar	1943-03-01	-.03
1943	1943	4	4	Apr	1943-04-01	.11
1943	1943	5	5	May	1943-05-01	.07
1943	1943	6	6	Jun	1943-06-01	-.05
1943	1943	7	7	Jul	1943-07-01	.09
1943	1943	8	8	Aug	1943-08-01	.00
1943	1943	9	9	Sep	1943-09-01	.05
1943	1943	10	10	Oct	1943-10-01	.23
1943	1943	11	11	Nov	1943-11-01	.20
1943	1943	12	12	Dec	1943-12-01	.24
1944	1944	1	1	Jan	1944-01-01	.36
1944	1944	2	2	Feb	1944-02-01	.24
1944	1944	3	3	Mar	1944-03-01	.26
1944	1944	4	4	Apr	1944-04-01	.19
1944	1944	5	5	May	1944-05-01	.20
1944	1944	6	6	Jun	1944-06-01	.16
1944	1944	7	7	Jul	1944-07-01	.18
1944	1944	8	8	Aug	1944-08-01	.18
1944	1944	9	9	Sep	1944-09-01	.28
1944	1944	10	10	Oct	1944-10-01	.27
1944	1944	11	11	Nov	1944-11-01	.11
1944	1944	12	12	Dec	1944-12-01	.04
1945	1945	1	1	Jan	1945-01-01	.10
1945	1945	2	2	Feb	1945-02-01	.01
1945	1945	3	3	Mar	1945-03-01	.06
1945	1945	4	4	Apr	1945-04-01	.20
1945	1945	5	5	May	1945-05-01	.06
1945	1945	6	6	Jun	1945-06-01	.01
1945	1945	7	7	Jul	1945-07-01	.04
1945	1945	8	8	Aug	1945-08-01	.26
1945	1945	9	9	Sep	1945-09-01	.20
1945	1945	10	10	Oct	1945-10-01	.19
1945	1945	11	11	Nov	1945-11-01	.07
1945	1945	12	12	Dec	1945-12-01	-.07
1946	1946	1	1	Jan	1946-01-01	.15
1946	1946	2	2	Feb	1946-02-01	.03
1946	1946	3	3	Mar	1946-03-01	.01
1946	1946	4	4	Apr	1946-04-01	.06
1946	1946	5	5	May	1946-05-01	-.07
1946	1946	6	6	Jun	1946-06-01	-.21
1946	1946	7	7	Jul	1946-07-01	-.12
1946	1946	8	8	Aug	1946-08-01	-.20
1946	1946	9	9	Sep	1946-09-01	-.07
1946	1946	10	10	Oct	1946-10-01	-.07
1946	1946	11	11	Nov	1946-11-01	-.05
1946	1946	12	12	Dec	1946-12-01	-.31
1947	1947	1	1	Jan	1947-01-01	-.06
1947	1947	2	2	Feb	1947-02-01	-.07
1947	1947	3	3	Mar	1947-03-01	.07
1947	1947	4	4	Apr	1947-04-01	.06
1947	1947	5	5	May	1947-05-01	-.02
1947	1947	6	6	Jun	1947-06-01	-.02
1947	1947	7	7	Jul	1947-07-01	-.04
1947	1947	8	8	Aug	1947-08-01	-.07
1947	1947	9	9	Sep	1947-09-01	-.12
1947	1947	10	10	Oct	1947-10-01	.07
1947	1947	11	11	Nov	1947-11-01	.03
1947	1947	12	12	Dec	1947-12-01	-.13
1948	1948	1	1	Jan	1948-01-01	.07
1948	1948	2	2	Feb	1948-02-01	-.14
1948	1948	3	3	Mar	1948-03-01	-.24
1948	1948	4	4	Apr	1948-04-01	-.12
1948	1948	5	5	May	1948-05-01	.00
1948	1948	6	6	Jun	1948-06-01	-.05
1948	1948	7	7	Jul	1948-07-01	-.11
1948	1948	8	8	Aug	1948-08-01	-.12
1948	1948	9	9	Sep	1948-09-01	-.14
1948	1948	10	10	Oct	1948-10-01	-.05
1948	1948	11	11	Nov	1948-11-01	-.12
1948	1948	12	12	Dec	1948-12-01	-.23
1949	1949	1	1	Jan	1949-01-01	.07
1949	1949	2	2	Feb	1949-02-01	-.14
1949	1949	3	3	Mar	1949-03-01	-.02
1949	1949	4	4	Apr	1949-04-01	-.11
1949	1949	5	5	May	1949-05-01	-.10
1949	1949	6	6	Jun	1949-06-01	-.27
1949	1949	7	7	Jul	1949-07-01	-.13
1949	1949	8	8	Aug	1949-08-01	-.13
1949	1949	9	9	Sep	1949-09-01	-.14
1949	1949	10	10	Oct	1949-10-01	-.06
1949	1949	11	11	Nov	1949-11-01	-.10
1949	1949	12	12	Dec	1949-12-01	-.18
1950	1950	1	1	Jan	1950-01-01	-.26
1950	1950	2	2	Feb	1950-02-01	-.27
1950	1950	3	3	Mar	1950-03-01	-.07
1950	1950	4	4	Apr	1950-04-01	-.21
1950	1950	5	5	May	1950-05-01	-.11
1950	1950	6	6	Jun	1950-06-01	-.05
1950	1950	7	7	Jul	1950-07-01	-.08
1950	1950	8	8	Aug	1950-08-01	-.16
1950	1950	9	9	Sep	1950-09-01	-.11
1950	1950	10	10	Oct	1950-10-01	-.20
1950	1950	11	11	Nov	1950-11-01	-.34
1950	1950	12	12	Dec	1950-12-01	-.21
1951	1951	1	1	Jan	1951-01-01	-.34
1951	1951	2	2	Feb	1951-02-01	-.41
1951	1951	3	3	Mar	1951-03-01	-.20
1951	1951	4	4	Apr	1951-04-01	-.14
1951	1951	5	5	May	1951-05-01	.00
1951	1951	6	6	Jun	1951-06-01	-.06
1951	1951	7	7	Jul	1951-07-01	-.01
1951	1951	8	8	Aug	1951-08-01	.06
1951	1951	9	9	Sep	1951-09-01	.05
1951	1951	10	10	Oct	1951-10-01	.08
1951	1951	11	11	Nov	1951-11-01	-.01
1951	1951	12	12	Dec	1951-12-01	.16
1952	1952	1	1	Jan	1952-01-01	.11
1952	1952	2	2	Feb	1952-02-01	.11
1952	1952	3	3	Mar	1952-03-01	-.08
1952	1952	4	4	Apr	1952-04-01	.03
1952	1952	5	5	May	1952-05-01	-.03
1952	1952	6	6	Jun	1952-06-01	-.03
1952	1952	7	7	Jul	1952-07-01	.04
1952	1952	8	8	Aug	1952-08-01	.05
1952	1952	9	9	Sep	1952-09-01	.07
1952	1952	10	10	Oct	1952-10-01	.00
1952	1952	11	11	Nov	1952-11-01	-.13
1952	1952	12	12	Dec	1952-12-01	-.02
1953	1953	1	1	Jan	1953-01-01	.07
1953	1953	2	2	Feb	1953-02-01	.15
1953	1953	3	3	Mar	1953-03-01	.11
1953	1953	4	4	Apr	1953-04-01	.19
1953	1953	5	5	May	1953-05-01	.11
1953	1953	6	6	Jun	1953-06-01	.12
1953	1953	7	7	Jul	1953-07-01	.01
1953	1953	8	8	Aug	1953-08-01	.05
1953	1953	9	9	Sep	1953-09-01	.05
1953	1953	10	10	Oct	1953-10-01	.08
1953	1953	11	11	Nov	1953-11-01	-.03
1953	1953	12	12	Dec	1953-12-01	.05
1954	1954	1	1	Jan	1954-01-01	-.24
1954	1954	2	2	Feb	1954-02-01	-.10
1954	1954	3	3	Mar	1954-03-01	-.15
1954	1954	4	4	Apr	1954-04-01	-.14
1954	1954	5	5	May	1954-05-01	-.20
1954	1954	6	6	Jun	1954-06-01	-.19
1954	1954	7	7	Jul	1954-07-01	-.19
1954	1954	8	8	Aug	1954-08-01	-.18
1954	1954	9	9	Sep	1954-09-01	-.10
1954	1954	10	10	Oct	1954-10-01	-.02
1954	1954	11	11	Nov	1954-11-01	.08
1954	1954	12	12	Dec	1954-12-01	-.18
1955	1955	1	1	Jan	1955-01-01	.14
1955	1955	2	2	Feb	1955-02-01	-.16
1955	1955	3	3	Mar	1955-03-01	-.32
1955	1955	4	4	Apr	1955-04-01	-.22
1955	1955	5	5	May	1955-05-01	-.20
1955	1955	6	6	Jun	1955-06-01	-.14
1955	1955	7	7	Jul	1955-07-01	-.11
1955	1955	8	8	Aug	1955-08-01	.02
1955	1955	9	9	Sep	1955-09-01	-.11
1955	1955	10	10	Oct	1955-10-01	-.05
1955	1955	11	11	Nov	1955-11-01	-.25
1955	1955	12	12	Dec	1955-12-01	-.28
1956	1956	1	1	Jan	1956-01-01	-.13
1956	1956	2	2	Feb	1956-02-01	-.24
1956	1956	3	3	Mar	1956-03-01	-.21
1956	1956	4	4	Apr	1956-04-01	-.28
1956	1956	5	5	May	1956-05-01	-.29
1956	1956	6	6	Jun	1956-06-01	-.15
1956	1956	7	7	Jul	1956-07-01	-.09
1956	1956	8	8	Aug	1956-08-01	-.26
1956	1956	9	9	Sep	1956-09-01	-.19
1956	1956	10	10	Oct	1956-10-01	-.23
1956	1956	11	11	Nov	1956-11-01	-.15
1956	1956	12	12	Dec	1956-12-01	-.06
1957	1957	1	1	Jan	1957-01-01	-.09
1957	1957	2	2	Feb	1957-02-01	-.03
1957	1957	3	3	Mar	1957-03-01	-.05
1957	1957	4	4	Apr	1957-04-01	.00
1957	1957	5	5	May	1957-05-01	.09
1957	1957	6	6	Jun	1957-06-01	.16
1957	1957	7	7	Jul	1957-07-01	.02
1957	1957	8	8	Aug	1957-08-01	.15
1957	1957	9	9	Sep	1957-09-01	.09
1957	1957	10	10	Oct	1957-10-01	.01
1957	1957	11	11	Nov	1957-11-01	.08
1957	1957	12	12	Dec	1957-12-01	.15
1958	1958	1	1	Jan	1958-01-01	.39
1958	1958	2	2	Feb	1958-02-01	.22
1958	1958	3	3	Mar	1958-03-01	.09
1958	1958	4	4	Apr	1958-04-01	.01
1958	1958	5	5	May	1958-05-01	.06
1958	1958	6	6	Jun	1958-06-01	-.08
1958	1958	7	7	Jul	1958-07-01	.05
1958	1958	8	8	Aug	1958-08-01	-.05
1958	1958	9	9	Sep	1958-09-01	-.02
1958	1958	10	10	Oct	1958-10-01	.04
1958	1958	11	11	Nov	1958-11-01	.02
1958	1958	12	12	Dec	1958-12-01	.01
1959	1959	1	1	Jan	1959-01-01	.08
1959	1959	2	2	Feb	1959-02-01	.07
1959	1959	3	3	Mar	1959-03-01	.18
1959	1959	4	4	Apr	1959-04-01	.16
1959	1959	5	5	May	1959-05-01	.04
1959	1959	6	6	Jun	1959-06-01	.03
1959	1959	7	7	Jul	1959-07-01	.03
1959	1959	8	8	Aug	1959-08-01	-.01
1959	1959	9	9	Sep	1959-09-01	-.06
1959	1959	10	10	Oct	1959-10-01	-.07
1959	1959	11	11	Nov	1959-11-01	-.08
1959	1959	12	12	Dec	1959-12-01	.00
1960	1960	1	1	Jan	1960-01-01	.00
1960	1960	2	2	Feb	1960-02-01	.13
1960	1960	3	3	Mar	1960-03-01	-.35
1960	1960	4	4	Apr	1960-04-01	-.15
1960	1960	5	5	May	1960-05-01	-.08
1960	1960	6	6	Jun	1960-06-01	-.04
1960	1960	7	7	Jul	1960-07-01	-.04
1960	1960	8	8	Aug	1960-08-01	.02
1960	1960	9	9	Sep	1960-09-01	.07
1960	1960	10	10	Oct	1960-10-01	.06
1960	1960	11	11	Nov	1960-11-01	-.11
1960	1960	12	12	Dec	1960-12-01	.19
1961	1961	1	1	Jan	1961-01-01	.07
1961	1961	2	2	Feb	1961-02-01	.19
1961	1961	3	3	Mar	1961-03-01	.09
1961	1961	4	4	Apr	1961-04-01	.13
1961	1961	5	5	May	1961-05-01	.12
1961	1961	6	6	Jun	1961-06-01	.12
1961	1961	7	7	Jul	1961-07-01	.01
1961	1961	8	8	Aug	1961-08-01	.01
1961	1961	9	9	Sep	1961-09-01	.08
1961	1961	10	10	Oct	1961-10-01	.00
1961	1961	11	11	Nov	1961-11-01	.03
1961	1961	12	12	Dec	1961-12-01	-.16
1962	1962	1	1	Jan	1962-01-01	.05
1962	1962	2	2	Feb	1962-02-01	.15
1962	1962	3	3	Mar	1962-03-01	.10
1962	1962	4	4	Apr	1962-04-01	.05
1962	1962	5	5	May	1962-05-01	-.06
1962	1962	6	6	Jun	1962-06-01	.03
1962	1962	7	7	Jul	1962-07-01	.02
1962	1962	8	8	Aug	1962-08-01	-.01
1962	1962	9	9	Sep	1962-09-01	.00
1962	1962	10	10	Oct	1962-10-01	.01
1962	1962	11	11	Nov	1962-11-01	.06
1962	1962	12	12	Dec	1962-12-01	-.03
1963	1963	1	1	Jan	1963-01-01	-.03
1963	1963	2	2	Feb	1963-02-01	.18
1963	1963	3	3	Mar	1963-03-01	-.14
1963	1963	4	4	Apr	1963-04-01	-.07
1963	1963	5	5	May	1963-05-01	-.06
1963	1963	6	6	Jun	1963-06-01	.05
1963	1963	7	7	Jul	1963-07-01	.06
1963	1963	8	8	Aug	1963-08-01	.23
1963	1963	9	9	Sep	1963-09-01	.18
1963	1963	10	10	Oct	1963-10-01	.14
1963	1963	11	11	Nov	1963-11-01	.15
1963	1963	12	12	Dec	1963-12-01	-.03
1964	1964	1	1	Jan	1964-01-01	-.09
1964	1964	2	2	Feb	1964-02-01	-.10
1964	1964	3	3	Mar	1964-03-01	-.21
1964	1964	4	4	Apr	1964-04-01	-.32
1964	1964	5	5	May	1964-05-01	-.25
1964	1964	6	6	Jun	1964-06-01	-.04
1964	1964	7	7	Jul	1964-07-01	-.04
1964	1964	8	8	Aug	1964-08-01	-.22
1964	1964	9	9	Sep	1964-09-01	-.29
1964	1964	10	10	Oct	1964-10-01	-.31
1964	1964	11	11	Nov	1964-11-01	-.21
1964	1964	12	12	Dec	1964-12-01	-.30
1965	1965	1	1	Jan	1965-01-01	-.08
1965	1965	2	2	Feb	1965-02-01	-.17
1965	1965	3	3	Mar	1965-03-01	-.13
1965	1965	4	4	Apr	1965-04-01	-.19
1965	1965	5	5	May	1965-05-01	-.12
1965	1965	6	6	Jun	1965-06-01	-.08
1965	1965	7	7	Jul	1965-07-01	-.13
1965	1965	8	8	Aug	1965-08-01	-.04
1965	1965	9	9	Sep	1965-09-01	-.15
1965	1965	10	10	Oct	1965-10-01	-.05
1965	1965	11	11	Nov	1965-11-01	-.06
1965	1965	12	12	Dec	1965-12-01	-.08
1966	1966	1	1	Jan	1966-01-01	-.19
1966	1966	2	2	Feb	1966-02-01	-.04
1966	1966	3	3	Mar	1966-03-01	.03
1966	1966	4	4	Apr	1966-04-01	-.13
1966	1966	5	5	May	1966-05-01	-.12
1966	1966	6	6	Jun	1966-06-01	.01
1966	1966	7	7	Jul	1966-07-01	.08
1966	1966	8	8	Aug	1966-08-01	-.09
1966	1966	9	9	Sep	1966-09-01	-.03
1966	1966	10	10	Oct	1966-10-01	-.17
1966	1966	11	11	Nov	1966-11-01	-.01
1966	1966	12	12	Dec	1966-12-01	-.03
1967	1967	1	1	Jan	1967-01-01	-.08
1967	1967	2	2	Feb	1967-02-01	-.21
1967	1967	3	3	Mar	1967-03-01	.05
1967	1967	4	4	Apr	1967-04-01	-.05
1967	1967	5	5	May	1967-05-01	.12
1967	1967	6	6	Jun	1967-06-01	-.08
1967	1967	7	7	Jul	1967-07-01	.02
1967	1967	8	8	Aug	1967-08-01	.01
1967	1967	9	9	Sep	1967-09-01	-.06
1967	1967	10	10	Oct	1967-10-01	.09
1967	1967	11	11	Nov	1967-11-01	-.05
1967	1967	12	12	Dec	1967-12-01	-.05
1968	1968	1	1	Jan	1968-01-01	-.26
1968	1968	2	2	Feb	1968-02-01	-.14
1968	1968	3	3	Mar	1968-03-01	.20
1968	1968	4	4	Apr	1968-04-01	-.06
1968	1968	5	5	May	1968-05-01	-.14
1968	1968	6	6	Jun	1968-06-01	-.09
1968	1968	7	7	Jul	1968-07-01	-.13
1968	1968	8	8	Aug	1968-08-01	-.09
1968	1968	9	9	Sep	1968-09-01	-.19
1968	1968	10	10	Oct	1968-10-01	.09
1968	1968	11	11	Nov	1968-11-01	-.05
1968	1968	12	12	Dec	1968-12-01	-.14
1969	1969	1	1	Jan	1969-01-01	-.11
1969	1969	2	2	Feb	1969-02-01	-.18
1969	1969	3	3	Mar	1969-03-01	.01
1969	1969	4	4	Apr	1969-04-01	.17
1969	1969	5	5	May	1969-05-01	.18
1969	1969	6	6	Jun	1969-06-01	.03
1969	1969	7	7	Jul	1969-07-01	-.04
1969	1969	8	8	Aug	1969-08-01	.04
1969	1969	9	9	Sep	1969-09-01	.08
1969	1969	10	10	Oct	1969-10-01	.09
1969	1969	11	11	Nov	1969-11-01	.12
1969	1969	12	12	Dec	1969-12-01	.24
1970	1970	1	1	Jan	1970-01-01	.08
1970	1970	2	2	Feb	1970-02-01	.22
1970	1970	3	3	Mar	1970-03-01	.06
1970	1970	4	4	Apr	1970-04-01	.05
1970	1970	5	5	May	1970-05-01	-.03
1970	1970	6	6	Jun	1970-06-01	-.02
1970	1970	7	7	Jul	1970-07-01	.01
1970	1970	8	8	Aug	1970-08-01	-.10
1970	1970	9	9	Sep	1970-09-01	.12
1970	1970	10	10	Oct	1970-10-01	.03
1970	1970	11	11	Nov	1970-11-01	.02
1970	1970	12	12	Dec	1970-12-01	-.12
1971	1971	1	1	Jan	1971-01-01	-.03
1971	1971	2	2	Feb	1971-02-01	-.15
1971	1971	3	3	Mar	1971-03-01	-.18
1971	1971	4	4	Apr	1971-04-01	-.07
1971	1971	5	5	May	1971-05-01	-.05
1971	1971	6	6	Jun	1971-06-01	-.16
1971	1971	7	7	Jul	1971-07-01	-.08
1971	1971	8	8	Aug	1971-08-01	-.01
1971	1971	9	9	Sep	1971-09-01	-.06
1971	1971	10	10	Oct	1971-10-01	-.04
1971	1971	11	11	Nov	1971-11-01	-.07
1971	1971	12	12	Dec	1971-12-01	-.08
1972	1972	1	1	Jan	1972-01-01	-.22
1972	1972	2	2	Feb	1972-02-01	-.18
1972	1972	3	3	Mar	1972-03-01	.02
1972	1972	4	4	Apr	1972-04-01	.00
1972	1972	5	5	May	1972-05-01	-.03
1972	1972	6	6	Jun	1972-06-01	.04
1972	1972	7	7	Jul	1972-07-01	.01
1972	1972	8	8	Aug	1972-08-01	.16
1972	1972	9	9	Sep	1972-09-01	.02
1972	1972	10	10	Oct	1972-10-01	.08
1972	1972	11	11	Nov	1972-11-01	.02
1972	1972	12	12	Dec	1972-12-01	.18
1973	1973	1	1	Jan	1973-01-01	.29
1973	1973	2	2	Feb	1973-02-01	.32
1973	1973	3	3	Mar	1973-03-01	.29
1973	1973	4	4	Apr	1973-04-01	.27
1973	1973	5	5	May	1973-05-01	.23
1973	1973	6	6	Jun	1973-06-01	.19
1973	1973	7	7	Jul	1973-07-01	.13
1973	1973	8	8	Aug	1973-08-01	.05
1973	1973	9	9	Sep	1973-09-01	.09
1973	1973	10	10	Oct	1973-10-01	.10
1973	1973	11	11	Nov	1973-11-01	.04
1973	1973	12	12	Dec	1973-12-01	-.07
1974	1974	1	1	Jan	1974-01-01	-.10
1974	1974	2	2	Feb	1974-02-01	-.27
1974	1974	3	3	Mar	1974-03-01	-.05
1974	1974	4	4	Apr	1974-04-01	-.12
1974	1974	5	5	May	1974-05-01	-.04
1974	1974	6	6	Jun	1974-06-01	-.05
1974	1974	7	7	Jul	1974-07-01	-.03
1974	1974	8	8	Aug	1974-08-01	.10
1974	1974	9	9	Sep	1974-09-01	-.08
1974	1974	10	10	Oct	1974-10-01	-.05
1974	1974	11	11	Nov	1974-11-01	-.08
1974	1974	12	12	Dec	1974-12-01	-.08
1975	1975	1	1	Jan	1975-01-01	.10
1975	1975	2	2	Feb	1975-02-01	.08
1975	1975	3	3	Mar	1975-03-01	.12
1975	1975	4	4	Apr	1975-04-01	.04
1975	1975	5	5	May	1975-05-01	.16
1975	1975	6	6	Jun	1975-06-01	-.01
1975	1975	7	7	Jul	1975-07-01	-.01
1975	1975	8	8	Aug	1975-08-01	-.17
1975	1975	9	9	Sep	1975-09-01	-.02
1975	1975	10	10	Oct	1975-10-01	-.11
1975	1975	11	11	Nov	1975-11-01	-.17
1975	1975	12	12	Dec	1975-12-01	-.17
1976	1976	1	1	Jan	1976-01-01	-.03
1976	1976	2	2	Feb	1976-02-01	-.06
1976	1976	3	3	Mar	1976-03-01	-.22
1976	1976	4	4	Apr	1976-04-01	-.07
1976	1976	5	5	May	1976-05-01	-.21
1976	1976	6	6	Jun	1976-06-01	-.12
1976	1976	7	7	Jul	1976-07-01	-.10
1976	1976	8	8	Aug	1976-08-01	-.12
1976	1976	9	9	Sep	1976-09-01	-.06
1976	1976	10	10	Oct	1976-10-01	-.24
1976	1976	11	11	Nov	1976-11-01	-.06
1976	1976	12	12	Dec	1976-12-01	.11
1977	1977	1	1	Jan	1977-01-01	.19
1977	1977	2	2	Feb	1977-02-01	.23
1977	1977	3	3	Mar	1977-03-01	.24
1977	1977	4	4	Apr	1977-04-01	.26
1977	1977	5	5	May	1977-05-01	.33
1977	1977	6	6	Jun	1977-06-01	.27
1977	1977	7	7	Jul	1977-07-01	.20
1977	1977	8	8	Aug	1977-08-01	.18
1977	1977	9	9	Sep	1977-09-01	.02
1977	1977	10	10	Oct	1977-10-01	.03
1977	1977	11	11	Nov	1977-11-01	.16
1977	1977	12	12	Dec	1977-12-01	.03
1978	1978	1	1	Jan	1978-01-01	.06
1978	1978	2	2	Feb	1978-02-01	.10
1978	1978	3	3	Mar	1978-03-01	.19
1978	1978	4	4	Apr	1978-04-01	.17
1978	1978	5	5	May	1978-05-01	.09
1978	1978	6	6	Jun	1978-06-01	-.01
1978	1978	7	7	Jul	1978-07-01	.04
1978	1978	8	8	Aug	1978-08-01	-.13
1978	1978	9	9	Sep	1978-09-01	.06
1978	1978	10	10	Oct	1978-10-01	.03
1978	1978	11	11	Nov	1978-11-01	.14
1978	1978	12	12	Dec	1978-12-01	.08
1979	1979	1	1	Jan	1979-01-01	.09
1979	1979	2	2	Feb	1979-02-01	-.10
1979	1979	3	3	Mar	1979-03-01	.19
1979	1979	4	4	Apr	1979-04-01	.15
1979	1979	5	5	May	1979-05-01	.04
1979	1979	6	6	Jun	1979-06-01	.14
1979	1979	7	7	Jul	1979-07-01	.04
1979	1979	8	8	Aug	1979-08-01	.17
1979	1979	9	9	Sep	1979-09-01	.25
1979	1979	10	10	Oct	1979-10-01	.26
1979	1979	11	11	Nov	1979-11-01	.28
1979	1979	12	12	Dec	1979-12-01	.48
1980	1980	1	1	Jan	1980-01-01	.30
1980	1980	2	2	Feb	1980-02-01	.40
1980	1980	3	3	Mar	1980-03-01	.30
1980	1980	4	4	Apr	1980-04-01	.30
1980	1980	5	5	May	1980-05-01	.35
1980	1980	6	6	Jun	1980-06-01	.20
1980	1980	7	7	Jul	1980-07-01	.22
1980	1980	8	8	Aug	1980-08-01	.18
1980	1980	9	9	Sep	1980-09-01	.20
1980	1980	10	10	Oct	1980-10-01	.13
1980	1980	11	11	Nov	1980-11-01	.30
1980	1980	12	12	Dec	1980-12-01	.22
1981	1981	1	1	Jan	1981-01-01	.53
1981	1981	2	2	Feb	1981-02-01	.42
1981	1981	3	3	Mar	1981-03-01	.48
1981	1981	4	4	Apr	1981-04-01	.32
1981	1981	5	5	May	1981-05-01	.25
1981	1981	6	6	Jun	1981-06-01	.29
1981	1981	7	7	Jul	1981-07-01	.32
1981	1981	8	8	Aug	1981-08-01	.35
1981	1981	9	9	Sep	1981-09-01	.15
1981	1981	10	10	Oct	1981-10-01	.12
1981	1981	11	11	Nov	1981-11-01	.23
1981	1981	12	12	Dec	1981-12-01	.41
1982	1982	1	1	Jan	1982-01-01	.05
1982	1982	2	2	Feb	1982-02-01	.15
1982	1982	3	3	Mar	1982-03-01	.03
1982	1982	4	4	Apr	1982-04-01	.15
1982	1982	5	5	May	1982-05-01	.18
1982	1982	6	6	Jun	1982-06-01	.06
1982	1982	7	7	Jul	1982-07-01	.14
1982	1982	8	8	Aug	1982-08-01	.04
1982	1982	9	9	Sep	1982-09-01	.14
1982	1982	10	10	Oct	1982-10-01	.13
1982	1982	11	11	Nov	1982-11-01	.18
1982	1982	12	12	Dec	1982-12-01	.43
1983	1983	1	1	Jan	1983-01-01	.53
1983	1983	2	2	Feb	1983-02-01	.43
1983	1983	3	3	Mar	1983-03-01	.42
1983	1983	4	4	Apr	1983-04-01	.27
1983	1983	5	5	May	1983-05-01	.34
1983	1983	6	6	Jun	1983-06-01	.22
1983	1983	7	7	Jul	1983-07-01	.18
1983	1983	8	8	Aug	1983-08-01	.35
1983	1983	9	9	Sep	1983-09-01	.37
1983	1983	10	10	Oct	1983-10-01	.17
1983	1983	11	11	Nov	1983-11-01	.30
1983	1983	12	12	Dec	1983-12-01	.17
1984	1984	1	1	Jan	1984-01-01	.31
1984	1984	2	2	Feb	1984-02-01	.14
1984	1984	3	3	Mar	1984-03-01	.26
1984	1984	4	4	Apr	1984-04-01	.06
1984	1984	5	5	May	1984-05-01	.33
1984	1984	6	6	Jun	1984-06-01	.02
1984	1984	7	7	Jul	1984-07-01	.19
1984	1984	8	8	Aug	1984-08-01	.19
1984	1984	9	9	Sep	1984-09-01	.21
1984	1984	10	10	Oct	1984-10-01	.14
1984	1984	11	11	Nov	1984-11-01	.07
1984	1984	12	12	Dec	1984-12-01	-.04
1985	1985	1	1	Jan	1985-01-01	.22
1985	1985	2	2	Feb	1985-02-01	-.04
1985	1985	3	3	Mar	1985-03-01	.17
1985	1985	4	4	Apr	1985-04-01	.12
1985	1985	5	5	May	1985-05-01	.14
1985	1985	6	6	Jun	1985-06-01	.15
1985	1985	7	7	Jul	1985-07-01	.04
1985	1985	8	8	Aug	1985-08-01	.16
1985	1985	9	9	Sep	1985-09-01	.13
1985	1985	10	10	Oct	1985-10-01	.11
1985	1985	11	11	Nov	1985-11-01	.05
1985	1985	12	12	Dec	1985-12-01	.14
1986	1986	1	1	Jan	1986-01-01	.26
1986	1986	2	2	Feb	1986-02-01	.37
1986	1986	3	3	Mar	1986-03-01	.30
1986	1986	4	4	Apr	1986-04-01	.22
1986	1986	5	5	May	1986-05-01	.21
1986	1986	6	6	Jun	1986-06-01	.12
1986	1986	7	7	Jul	1986-07-01	.11
1986	1986	8	8	Aug	1986-08-01	.16
1986	1986	9	9	Sep	1986-09-01	.03
1986	1986	10	10	Oct	1986-10-01	.15
1986	1986	11	11	Nov	1986-11-01	.10
1986	1986	12	12	Dec	1986-12-01	.13
1987	1987	1	1	Jan	1987-01-01	.32
1987	1987	2	2	Feb	1987-02-01	.43
1987	1987	3	3	Mar	1987-03-01	.18
1987	1987	4	4	Apr	1987-04-01	.24
1987	1987	5	5	May	1987-05-01	.25
1987	1987	6	6	Jun	1987-06-01	.35
1987	1987	7	7	Jul	1987-07-01	.40
1987	1987	8	8	Aug	1987-08-01	.25
1987	1987	9	9	Sep	1987-09-01	.35
1987	1987	10	10	Oct	1987-10-01	.33
1987	1987	11	11	Nov	1987-11-01	.29
1987	1987	12	12	Dec	1987-12-01	.46
1988	1988	1	1	Jan	1988-01-01	.57
1988	1988	2	2	Feb	1988-02-01	.44
1988	1988	3	3	Mar	1988-03-01	.51
1988	1988	4	4	Apr	1988-04-01	.43
1988	1988	5	5	May	1988-05-01	.44
1988	1988	6	6	Jun	1988-06-01	.40
1988	1988	7	7	Jul	1988-07-01	.33
1988	1988	8	8	Aug	1988-08-01	.39
1988	1988	9	9	Sep	1988-09-01	.37
1988	1988	10	10	Oct	1988-10-01	.38
1988	1988	11	11	Nov	1988-11-01	.12
1988	1988	12	12	Dec	1988-12-01	.29
1989	1989	1	1	Jan	1989-01-01	.12
1989	1989	2	2	Feb	1989-02-01	.30
1989	1989	3	3	Mar	1989-03-01	.36
1989	1989	4	4	Apr	1989-04-01	.29
1989	1989	5	5	May	1989-05-01	.17
1989	1989	6	6	Jun	1989-06-01	.15
1989	1989	7	7	Jul	1989-07-01	.34
1989	1989	8	8	Aug	1989-08-01	.33
1989	1989	9	9	Sep	1989-09-01	.34
1989	1989	10	10	Oct	1989-10-01	.29
1989	1989	11	11	Nov	1989-11-01	.20
1989	1989	12	12	Dec	1989-12-01	.37
1990	1990	1	1	Jan	1990-01-01	.41
1990	1990	2	2	Feb	1990-02-01	.44
1990	1990	3	3	Mar	1990-03-01	.80
1990	1990	4	4	Apr	1990-04-01	.56
1990	1990	5	5	May	1990-05-01	.45
1990	1990	6	6	Jun	1990-06-01	.38
1990	1990	7	7	Jul	1990-07-01	.46
1990	1990	8	8	Aug	1990-08-01	.34
1990	1990	9	9	Sep	1990-09-01	.23
1990	1990	10	10	Oct	1990-10-01	.45
1990	1990	11	11	Nov	1990-11-01	.46
1990	1990	12	12	Dec	1990-12-01	.41
1991	1991	1	1	Jan	1991-01-01	.42
1991	1991	2	2	Feb	1991-02-01	.50
1991	1991	3	3	Mar	1991-03-01	.35
1991	1991	4	4	Apr	1991-04-01	.51
1991	1991	5	5	May	1991-05-01	.34
1991	1991	6	6	Jun	1991-06-01	.53
1991	1991	7	7	Jul	1991-07-01	.47
1991	1991	8	8	Aug	1991-08-01	.39
1991	1991	9	9	Sep	1991-09-01	.44
1991	1991	10	10	Oct	1991-10-01	.29
1991	1991	11	11	Nov	1991-11-01	.30
1991	1991	12	12	Dec	1991-12-01	.32
1992	1992	1	1	Jan	1992-01-01	.47
1992	1992	2	2	Feb	1992-02-01	.40
1992	1992	3	3	Mar	1992-03-01	.48
1992	1992	4	4	Apr	1992-04-01	.27
1992	1992	5	5	May	1992-05-01	.31
1992	1992	6	6	Jun	1992-06-01	.26
1992	1992	7	7	Jul	1992-07-01	.09
1992	1992	8	8	Aug	1992-08-01	.08
1992	1992	9	9	Sep	1992-09-01	-.01
1992	1992	10	10	Oct	1992-10-01	.06
1992	1992	11	11	Nov	1992-11-01	.03
1992	1992	12	12	Dec	1992-12-01	.22
1993	1993	1	1	Jan	1993-01-01	.35
1993	1993	2	2	Feb	1993-02-01	.37
1993	1993	3	3	Mar	1993-03-01	.36
1993	1993	4	4	Apr	1993-04-01	.28
1993	1993	5	5	May	1993-05-01	.28
1993	1993	6	6	Jun	1993-06-01	.23
1993	1993	7	7	Jul	1993-07-01	.25
1993	1993	8	8	Aug	1993-08-01	.11
1993	1993	9	9	Sep	1993-09-01	.11
1993	1993	10	10	Oct	1993-10-01	.23
1993	1993	11	11	Nov	1993-11-01	.03
1993	1993	12	12	Dec	1993-12-01	.18
1994	1994	1	1	Jan	1994-01-01	.26
1994	1994	2	2	Feb	1994-02-01	.02
1994	1994	3	3	Mar	1994-03-01	.29
1994	1994	4	4	Apr	1994-04-01	.41
1994	1994	5	5	May	1994-05-01	.28
1994	1994	6	6	Jun	1994-06-01	.44
1994	1994	7	7	Jul	1994-07-01	.30
1994	1994	8	8	Aug	1994-08-01	.21
1994	1994	9	9	Sep	1994-09-01	.31
1994	1994	10	10	Oct	1994-10-01	.42
1994	1994	11	11	Nov	1994-11-01	.44
1994	1994	12	12	Dec	1994-12-01	.39
1995	1995	1	1	Jan	1995-01-01	.52
1995	1995	2	2	Feb	1995-02-01	.79
1995	1995	3	3	Mar	1995-03-01	.47
1995	1995	4	4	Apr	1995-04-01	.47
1995	1995	5	5	May	1995-05-01	.27
1995	1995	6	6	Jun	1995-06-01	.43
1995	1995	7	7	Jul	1995-07-01	.45
1995	1995	8	8	Aug	1995-08-01	.45
1995	1995	9	9	Sep	1995-09-01	.33
1995	1995	10	10	Oct	1995-10-01	.47
1995	1995	11	11	Nov	1995-11-01	.44
1995	1995	12	12	Dec	1995-12-01	.26
1996	1996	1	1	Jan	1996-01-01	.24
1996	1996	2	2	Feb	1996-02-01	.46
1996	1996	3	3	Mar	1996-03-01	.33
1996	1996	4	4	Apr	1996-04-01	.33
1996	1996	5	5	May	1996-05-01	.27
1996	1996	6	6	Jun	1996-06-01	.29
1996	1996	7	7	Jul	1996-07-01	.37
1996	1996	8	8	Aug	1996-08-01	.48
1996	1996	9	9	Sep	1996-09-01	.25
1996	1996	10	10	Oct	1996-10-01	.24
1996	1996	11	11	Nov	1996-11-01	.38
1996	1996	12	12	Dec	1996-12-01	.37
1997	1997	1	1	Jan	1997-01-01	.33
1997	1997	2	2	Feb	1997-02-01	.41
1997	1997	3	3	Mar	1997-03-01	.52
1997	1997	4	4	Apr	1997-04-01	.34
1997	1997	5	5	May	1997-05-01	.35
1997	1997	6	6	Jun	1997-06-01	.54
1997	1997	7	7	Jul	1997-07-01	.34
1997	1997	8	8	Aug	1997-08-01	.41
1997	1997	9	9	Sep	1997-09-01	.52
1997	1997	10	10	Oct	1997-10-01	.61
1997	1997	11	11	Nov	1997-11-01	.64
1997	1997	12	12	Dec	1997-12-01	.59
1998	1998	1	1	Jan	1998-01-01	.58
1998	1998	2	2	Feb	1998-02-01	.88
1998	1998	3	3	Mar	1998-03-01	.63
1998	1998	4	4	Apr	1998-04-01	.64
1998	1998	5	5	May	1998-05-01	.68
1998	1998	6	6	Jun	1998-06-01	.77
1998	1998	7	7	Jul	1998-07-01	.66
1998	1998	8	8	Aug	1998-08-01	.65
1998	1998	9	9	Sep	1998-09-01	.42
1998	1998	10	10	Oct	1998-10-01	.41
1998	1998	11	11	Nov	1998-11-01	.43
1998	1998	12	12	Dec	1998-12-01	.55
1999	1999	1	1	Jan	1999-01-01	.48
1999	1999	2	2	Feb	1999-02-01	.64
1999	1999	3	3	Mar	1999-03-01	.32
1999	1999	4	4	Apr	1999-04-01	.32
1999	1999	5	5	May	1999-05-01	.26
1999	1999	6	6	Jun	1999-06-01	.36
1999	1999	7	7	Jul	1999-07-01	.38
1999	1999	8	8	Aug	1999-08-01	.31
1999	1999	9	9	Sep	1999-09-01	.38
1999	1999	10	10	Oct	1999-10-01	.34
1999	1999	11	11	Nov	1999-11-01	.37
1999	1999	12	12	Dec	1999-12-01	.40
2000	2000	1	1	Jan	2000-01-01	.25
2000	2000	2	2	Feb	2000-02-01	.56
2000	2000	3	3	Mar	2000-03-01	.55
2000	2000	4	4	Apr	2000-04-01	.56
2000	2000	5	5	May	2000-05-01	.36
2000	2000	6	6	Jun	2000-06-01	.40
2000	2000	7	7	Jul	2000-07-01	.39
2000	2000	8	8	Aug	2000-08-01	.42
2000	2000	9	9	Sep	2000-09-01	.38
2000	2000	10	10	Oct	2000-10-01	.26
2000	2000	11	11	Nov	2000-11-01	.30
2000	2000	12	12	Dec	2000-12-01	.28
2001	2001	1	1	Jan	2001-01-01	.45
2001	2001	2	2	Feb	2001-02-01	.44
2001	2001	3	3	Mar	2001-03-01	.55
2001	2001	4	4	Apr	2001-04-01	.50
2001	2001	5	5	May	2001-05-01	.58
2001	2001	6	6	Jun	2001-06-01	.52
2001	2001	7	7	Jul	2001-07-01	.59
2001	2001	8	8	Aug	2001-08-01	.49
2001	2001	9	9	Sep	2001-09-01	.52
2001	2001	10	10	Oct	2001-10-01	.50
2001	2001	11	11	Nov	2001-11-01	.72
2001	2001	12	12	Dec	2001-12-01	.56
2002	2002	1	1	Jan	2002-01-01	.77
2002	2002	2	2	Feb	2002-02-01	.79
2002	2002	3	3	Mar	2002-03-01	.88
2002	2002	4	4	Apr	2002-04-01	.58
2002	2002	5	5	May	2002-05-01	.64
2002	2002	6	6	Jun	2002-06-01	.53
2002	2002	7	7	Jul	2002-07-01	.62
2002	2002	8	8	Aug	2002-08-01	.53
2002	2002	9	9	Sep	2002-09-01	.63
2002	2002	10	10	Oct	2002-10-01	.54
2002	2002	11	11	Nov	2002-11-01	.59
2002	2002	12	12	Dec	2002-12-01	.44
2003	2003	1	1	Jan	2003-01-01	.75
2003	2003	2	2	Feb	2003-02-01	.58
2003	2003	3	3	Mar	2003-03-01	.60
2003	2003	4	4	Apr	2003-04-01	.55
2003	2003	5	5	May	2003-05-01	.61
2003	2003	6	6	Jun	2003-06-01	.48
2003	2003	7	7	Jul	2003-07-01	.58
2003	2003	8	8	Aug	2003-08-01	.65
2003	2003	9	9	Sep	2003-09-01	.62
2003	2003	10	10	Oct	2003-10-01	.73
2003	2003	11	11	Nov	2003-11-01	.53
2003	2003	12	12	Dec	2003-12-01	.75
2004	2004	1	1	Jan	2004-01-01	.58
2004	2004	2	2	Feb	2004-02-01	.73
2004	2004	3	3	Mar	2004-03-01	.63
2004	2004	4	4	Apr	2004-04-01	.61
2004	2004	5	5	May	2004-05-01	.37
2004	2004	6	6	Jun	2004-06-01	.44
2004	2004	7	7	Jul	2004-07-01	.26
2004	2004	8	8	Aug	2004-08-01	.46
2004	2004	9	9	Sep	2004-09-01	.50
2004	2004	10	10	Oct	2004-10-01	.61
2004	2004	11	11	Nov	2004-11-01	.73
2004	2004	12	12	Dec	2004-12-01	.51
2005	2005	1	1	Jan	2005-01-01	.75
2005	2005	2	2	Feb	2005-02-01	.60
2005	2005	3	3	Mar	2005-03-01	.74
2005	2005	4	4	Apr	2005-04-01	.67
2005	2005	5	5	May	2005-05-01	.63
2005	2005	6	6	Jun	2005-06-01	.65
2005	2005	7	7	Jul	2005-07-01	.61
2005	2005	8	8	Aug	2005-08-01	.60
2005	2005	9	9	Sep	2005-09-01	.71
2005	2005	10	10	Oct	2005-10-01	.75
2005	2005	11	11	Nov	2005-11-01	.73
2005	2005	12	12	Dec	2005-12-01	.68
2006	2006	1	1	Jan	2006-01-01	.56
2006	2006	2	2	Feb	2006-02-01	.73
2006	2006	3	3	Mar	2006-03-01	.63
2006	2006	4	4	Apr	2006-04-01	.47
2006	2006	5	5	May	2006-05-01	.48
2006	2006	6	6	Jun	2006-06-01	.66
2006	2006	7	7	Jul	2006-07-01	.54
2006	2006	8	8	Aug	2006-08-01	.70
2006	2006	9	9	Sep	2006-09-01	.65
2006	2006	10	10	Oct	2006-10-01	.70
2006	2006	11	11	Nov	2006-11-01	.74
2006	2006	12	12	Dec	2006-12-01	.79
2007	2007	1	1	Jan	2007-01-01	1.02
2007	2007	2	2	Feb	2007-02-01	.70
2007	2007	3	3	Mar	2007-03-01	.72
2007	2007	4	4	Apr	2007-04-01	.76
2007	2007	5	5	May	2007-05-01	.69
2007	2007	6	6	Jun	2007-06-01	.61
2007	2007	7	7	Jul	2007-07-01	.59
2007	2007	8	8	Aug	2007-08-01	.60
2007	2007	9	9	Sep	2007-09-01	.60
2007	2007	10	10	Oct	2007-10-01	.59
2007	2007	11	11	Nov	2007-11-01	.59
2007	2007	12	12	Dec	2007-12-01	.50
2008	2008	1	1	Jan	2008-01-01	.30
2008	2008	2	2	Feb	2008-02-01	.38
2008	2008	3	3	Mar	2008-03-01	.75
2008	2008	4	4	Apr	2008-04-01	.54
2008	2008	5	5	May	2008-05-01	.49
2008	2008	6	6	Jun	2008-06-01	.49
2008	2008	7	7	Jul	2008-07-01	.60
2008	2008	8	8	Aug	2008-08-01	.46
2008	2008	9	9	Sep	2008-09-01	.61
2008	2008	10	10	Oct	2008-10-01	.67
2008	2008	11	11	Nov	2008-11-01	.69
2008	2008	12	12	Dec	2008-12-01	.54
2009	2009	1	1	Jan	2009-01-01	.65
2009	2009	2	2	Feb	2009-02-01	.53
2009	2009	3	3	Mar	2009-03-01	.53
2009	2009	4	4	Apr	2009-04-01	.61
2009	2009	5	5	May	2009-05-01	.65
2009	2009	6	6	Jun	2009-06-01	.64
2009	2009	7	7	Jul	2009-07-01	.73
2009	2009	8	8	Aug	2009-08-01	.69
2009	2009	9	9	Sep	2009-09-01	.71
2009	2009	10	10	Oct	2009-10-01	.66
2009	2009	11	11	Nov	2009-11-01	.79
2009	2009	12	12	Dec	2009-12-01	.67
2010	2010	1	1	Jan	2010-01-01	.75
2010	2010	2	2	Feb	2010-02-01	.83
2010	2010	3	3	Mar	2010-03-01	.92
2010	2010	4	4	Apr	2010-04-01	.85
2010	2010	5	5	May	2010-05-01	.76
2010	2010	6	6	Jun	2010-06-01	.68
2010	2010	7	7	Jul	2010-07-01	.63
2010	2010	8	8	Aug	2010-08-01	.67
2010	2010	9	9	Sep	2010-09-01	.64
2010	2010	10	10	Oct	2010-10-01	.71
2010	2010	11	11	Nov	2010-11-01	.81
2010	2010	12	12	Dec	2010-12-01	.46
2011	2011	1	1	Jan	2011-01-01	.53
2011	2011	2	2	Feb	2011-02-01	.48
2011	2011	3	3	Mar	2011-03-01	.66
2011	2011	4	4	Apr	2011-04-01	.64
2011	2011	5	5	May	2011-05-01	.53
2011	2011	6	6	Jun	2011-06-01	.62
2011	2011	7	7	Jul	2011-07-01	.70
2011	2011	8	8	Aug	2011-08-01	.75
2011	2011	9	9	Sep	2011-09-01	.56
2011	2011	10	10	Oct	2011-10-01	.66
2011	2011	11	11	Nov	2011-11-01	.59
2011	2011	12	12	Dec	2011-12-01	.60
2012	2012	1	1	Jan	2012-01-01	.47
2012	2012	2	2	Feb	2012-02-01	.49
2012	2012	3	3	Mar	2012-03-01	.57
2012	2012	4	4	Apr	2012-04-01	.73
2012	2012	5	5	May	2012-05-01	.78
2012	2012	6	6	Jun	2012-06-01	.64
2012	2012	7	7	Jul	2012-07-01	.58
2012	2012	8	8	Aug	2012-08-01	.66
2012	2012	9	9	Sep	2012-09-01	.72
2012	2012	10	10	Oct	2012-10-01	.80
2012	2012	11	11	Nov	2012-11-01	.79
2012	2012	12	12	Dec	2012-12-01	.53
2013	2013	1	1	Jan	2013-01-01	.71
2013	2013	2	2	Feb	2013-02-01	.62
2013	2013	3	3	Mar	2013-03-01	.67
2013	2013	4	4	Apr	2013-04-01	.53
2013	2013	5	5	May	2013-05-01	.61
2013	2013	6	6	Jun	2013-06-01	.69
2013	2013	7	7	Jul	2013-07-01	.60
2013	2013	8	8	Aug	2013-08-01	.70
2013	2013	9	9	Sep	2013-09-01	.77
2013	2013	10	10	Oct	2013-10-01	.69
2013	2013	11	11	Nov	2013-11-01	.83
2013	2013	12	12	Dec	2013-12-01	.70
2014	2014	1	1	Jan	2014-01-01	.77
2014	2014	2	2	Feb	2014-02-01	.55
2014	2014	3	3	Mar	2014-03-01	.78
2014	2014	4	4	Apr	2014-04-01	.81
2014	2014	5	5	May	2014-05-01	.86
2014	2014	6	6	Jun	2014-06-01	.67
2014	2014	7	7	Jul	2014-07-01	.58
2014	2014	8	8	Aug	2014-08-01	.83
2014	2014	9	9	Sep	2014-09-01	.87
2014	2014	10	10	Oct	2014-10-01	.81
2014	2014	11	11	Nov	2014-11-01	.67
2014	2014	12	12	Dec	2014-12-01	.79
2015	2015	1	1	Jan	2015-01-01	.87
2015	2015	2	2	Feb	2015-02-01	.90
2015	2015	3	3	Mar	2015-03-01	.96
2015	2015	4	4	Apr	2015-04-01	.76
2015	2015	5	5	May	2015-05-01	.80
2015	2015	6	6	Jun	2015-06-01	.81
2015	2015	7	7	Jul	2015-07-01	.73
2015	2015	8	8	Aug	2015-08-01	.80
2015	2015	9	9	Sep	2015-09-01	.85
2015	2015	10	10	Oct	2015-10-01	1.09
2015	2015	11	11	Nov	2015-11-01	1.06
2015	2015	12	12	Dec	2015-12-01	1.17
2016	2016	1	1	Jan	2016-01-01	1.18
2016	2016	2	2	Feb	2016-02-01	1.37
2016	2016	3	3	Mar	2016-03-01	1.35
2016	2016	4	4	Apr	2016-04-01	1.10
2016	2016	5	5	May	2016-05-01	.95
2016	2016	6	6	Jun	2016-06-01	.80
2016	2016	7	7	Jul	2016-07-01	.85
2016	2016	8	8	Aug	2016-08-01	1.02
2016	2016	9	9	Sep	2016-09-01	.90
2016	2016	10	10	Oct	2016-10-01	.89
2016	2016	11	11	Nov	2016-11-01	.92
2016	2016	12	12	Dec	2016-12-01	.87
2017	2017	1	1	Jan	2017-01-01	1.03
2017	2017	2	2	Feb	2017-02-01	1.14
2017	2017	3	3	Mar	2017-03-01	1.17
2017	2017	4	4	Apr	2017-04-01	.94
2017	2017	5	5	May	2017-05-01	.92
2017	2017	6	6	Jun	2017-06-01	.72
2017	2017	7	7	Jul	2017-07-01	.82
2017	2017	8	8	Aug	2017-08-01	.88
2017	2017	9	9	Sep	2017-09-01	.77
2017	2017	10	10	Oct	2017-10-01	.90
2017	2017	11	11	Nov	2017-11-01	.88
2017	2017	12	12	Dec	2017-12-01	.94
2018	2018	1	1	Jan	2018-01-01	.83
2018	2018	2	2	Feb	2018-02-01	.85
2018	2018	3	3	Mar	2018-03-01	.89
2018	2018	4	4	Apr	2018-04-01	.89
2018	2018	5	5	May	2018-05-01	.82
2018	2018	6	6	Jun	2018-06-01	.77
2018	2018	7	7	Jul	2018-07-01	.83
2018	2018	8	8	Aug	2018-08-01	.77
2018	2018	9	9	Sep	2018-09-01	.80
2018	2018	10	10	Oct	2018-10-01	1.02
2018	2018	11	11	Nov	2018-11-01	.83
2018	2018	12	12	Dec	2018-12-01	.92
2019	2019	1	1	Jan	2019-01-01	.94
2019	2019	2	2	Feb	2019-02-01	.95
2019	2019	3	3	Mar	2019-03-01	1.18
2019	2019	4	4	Apr	2019-04-01	1.01
2019	2019	5	5	May	2019-05-01	.85
2019	2019	6	6	Jun	2019-06-01	.90
2019	2019	7	7	Jul	2019-07-01	.95
2019	2019	8	8	Aug	2019-08-01	.95
2019	2019	9	9	Sep	2019-09-01	.93
2019	2019	10	10	Oct	2019-10-01	1.01
2019	2019	11	11	Nov	2019-11-01	1.00
2019	2019	12	12	Dec	2019-12-01	1.10
2020	2020	1	1	Jan	2020-01-01	1.17
2020	2020	2	2	Feb	2020-02-01	1.25
2020	2020	3	3	Mar	2020-03-01	1.17
2020	2020	4	4	Apr	2020-04-01	1.13
2020	2020	5	5	May	2020-05-01	1.02
2020	2020	6	6	Jun	2020-06-01	.92
2020	2020	7	7	Jul	2020-07-01	.90
2020	2020	8	8	Aug	2020-08-01	.87
2020	2020	9	9	Sep	2020-09-01	.98
2020	2020	10	10	Oct	2020-10-01	.88
2020	2020	11	11	Nov	2020-11-01	1.11
2020	2020	12	12	Dec	2020-12-01	.80
2021	2021	1	1	Jan	2021-01-01	.81
2021	2021	2	2	Feb	2021-02-01	.65
2021	2021	3	3	Mar	2021-03-01	.89
2021	2021	4	4	Apr	2021-04-01	.76
2021	2021	5	5	May	2021-05-01	.79
2021	2021	6	6	Jun	2021-06-01	.85
2021	2021	7	7	Jul	2021-07-01	.92
2021	2021	8	8	Aug	2021-08-01	.82
2021	2021	9	9	Sep	2021-09-01	.93
2021	2021	10	10	Oct	2021-10-01	1.00
2021	2021	11	11	Nov	2021-11-01	.94
2021	2021	12	12	Dec	2021-12-01	.87
2022	2022	1	1	Jan	2022-01-01	.91
2022	2022	2	2	Feb	2022-02-01	.90
2022	2022	3	3	Mar	2022-03-01	1.05
2022	2022	4	4	Apr	2022-04-01	.84
2022	2022	5	5	May	2022-05-01	.84
2022	2022	6	6	Jun	2022-06-01	.93
2022	2022	7	7	Jul	2022-07-01	.94
2022	2022	8	8	Aug	2022-08-01	.95
2022	2022	9	9	Sep	2022-09-01	.89
2022	2022	10	10	Oct	2022-10-01	.97
2022	2022	11	11	Nov	2022-11-01	.73
2022	2022	12	12	Dec	2022-12-01	.81
2023	2023	1	1	Jan	2023-01-01	.88
2023	2023	2	2	Feb	2023-02-01	.98
2023	2023	3	3	Mar	2023-03-01	1.22
2023	2023	4	4	Apr	2023-04-01	.99
2023	2023	5	5	May	2023-05-01	.94
2023	2023	6	6	Jun	2023-06-01	1.08
2023	2023	7	7	Jul	2023-07-01	1.19
2023	2023	8	8	Aug	2023-08-01	1.20
2023	2023	9	9	Sep	2023-09-01	1.48
2023	2023	10	10	Oct	2023-10-01	1.34
2023	2023	11	11	Nov	2023-11-01	1.43
2023	2023	12	12	Dec	2023-12-01	1.36
2024	2024	1	1	Jan	2024-01-01	1.22
2024	2024	2	2	Feb	2024-02-01	1.44
2024	2024	3	3	Mar	2024-03-01	1.39
2024	2024	4	4	Apr	2024-04-01	1.32
